lastname,purchase_date,stars,price,favorite_flower
PERKINS,2017-04-08,5,19.599885954165785,iris
ROBINSON,2017-01-01,5,37.983903616820925,lilac
WILLIAMSON,2017-03-20,4,19.339137911467354,carnation
ROBINSON,2017-04-12,5,18.14061575407039,lilac
RHODES,2017-03-24,1,22.179522083926244,carnation
NGUYEN,2017-01-03,3,9.713732775024482,gerbera
ROBINSON,2017-08-20,2,18.907433251654652,lilac
GRAVES,2017-02-26,5,9.912851749826816,gerbera
RODRIQUEZ,2017-01-11,1,20.663897316192102,carnation
PERKINS,2017-07-09,5,40.36115273438848,iris
FERGUSON,2017-05-04,2,21.018300051245614,daffodil
MAY,2017-06-22,3,9.767947319089958,rose
MILLER,2017-07-25,3,20.090004538689225,daffodil
GREENE,2017-07-27,4,9.321970912000111,rose
OBRIEN,2017-02-16,4,40.62616176788084,sunflower
FREEMAN,2017-02-09,4,10.010868827679804,gerbera
RAMOS,2017-09-04,4,21.651084825013534,orchid
ROBINSON,2017-05-09,3,9.221863291317748,lilac
ROBINSON,2017-06-14,2,10.547645329062824,lilac
RUIZ,2017-07-29,4,20.45178856993353,iris
CLARK,2017-01-05,3,,gardenia
HARPER,2017-08-24,2,10.525911853492465,tulip
PAYNE,2017-01-21,1,19.77178904468374,rose
BOYD,2017-07-02,4,40.14728952584128,lilac
ROBINSON,2017-03-05,5,18.974158454725085,lilac
COX,2017-04-03,3,9.272833477585095,carnation
HALL,2017-04-23,3,22.706567033577024,daffodil
RHODES,2017-08-22,4,10.151628870901336,carnation
REYES,2017-01-18,4,20.54553211658084,rose
ROBINSON,2017-04-02,4,20.667826506358043,lilac
LEWIS,2017-07-28,5,40.13198438479372,gerbera
GREENE,2017-03-10,1,19.55589961642972,rose
TURNER,2017-06-29,5,39.434081624073144,iris
TURNER,2017-02-26,3,39.39570667359537,iris
VARGAS,2017-03-06,4,19.56203977003917,sunflower
PETERS,2017-05-03,4,20.3247234005108,orchid
FERGUSON,2017-06-21,5,9.848442903013567,daffodil
ROGERS,2017-01-30,3,40.36844909592911,gardenia
ELLIS,2017-05-15,5,18.773684018031272,daisy
COLLINS,2017-07-20,4,19.152947057097187,carnation
DANIELS,2017-06-21,5,9.957252361084425,rose
PETERS,2017-02-01,4,,orchid
ROBINSON,2017-08-11,5,10.106924174878474,lilac
MITCHELL,2017-05-29,5,21.054419463146782,lilac
ALLEN,2017-02-11,5,40.286232327831556,rose
CARLSON,2017-05-11,3,21.913345453148214,rose
REID,2017-03-25,3,11.346947792036717,jasmine
ROBINSON,2017-06-07,5,18.187913343092603,lilac
MARTIN,2017-06-23,3,38.97178490612093,lilac
FOSTER,2017-03-24,2,38.96400336060229,daffodil
MASON,2017-06-22,3,17.81234717565077,tulip
CALDWELL,2017-02-01,5,10.69803821222321,carnation
AUSTIN,2017-03-17,2,19.657933559091166,jasmine
VARGAS,2017-05-22,5,21.36768725521174,sunflower
GREEN,2017-02-13,5,,daffodil
BYRD,2017-06-30,5,41.56658581874373,gardenia
RIVERA,2017-06-30,3,19.475134709216423,daffodil
ROSE,2017-05-04,1,19.953792960230302,gardenia
WOODS,2017-07-12,3,20.3009193856499,sunflower
WAGNER,2017-07-17,4,19.05813230832499,iris
GONZALES,2017-05-09,2,38.55061586945739,lilac
DANIELS,2017-02-07,5,10.392627704199207,rose
GOMEZ,2017-01-02,4,19.296580605198763,tulip
BARNETT,2017-08-27,4,,gardenia
MONTGOMERY,2017-01-22,5,8.900795479674256,gardenia
ROBINSON,2017-06-20,3,39.98301160420699,lilac
HOLMES,2017-04-05,3,11.137140906561115,rose
THOMPSON,2017-05-07,1,9.780662511574203,tulip
CASTILLO,2017-02-26,4,9.429211255136568,gardenia
DANIELS,2017-07-31,5,38.16063278312034,rose
ROBINSON,2017-02-06,5,20.66425770975789,lilac
CALDWELL,2017-04-21,5,40.81756940071395,carnation
MOORE,2017-05-20,5,19.565067295442024,rose
ROBINSON,2017-08-08,5,19.78370082239843,lilac
RUSSELL,2017-07-26,5,10.599312153256943,carnation
STEWART,2017-08-13,2,19.81922256797939,tulip
KING,2017-08-20,2,20.2402395670576,rose
BROWN,2017-02-12,4,17.685223969794034,daffodil
WHEELER,2017-02-18,4,39.0900053263572,orchid
ROBINSON,2017-01-28,5,39.03062869437766,lilac
STEWART,2017-02-18,3,10.711600171359402,tulip
HILL,2017-02-13,4,9.517952448737823,daffodil
HOFFMAN,2017-01-30,2,19.66998831577703,sunflower
BELL,2017-01-11,2,39.62059784772226,gardenia
JACOBS,2017-02-11,3,20.447331988083103,carnation
MURRAY,2017-08-29,3,20.483871667987792,daffodil
GRAVES,2017-01-07,4,20.680632877909176,gerbera
ROBINSON,2017-01-24,5,20.783138135804542,lilac
FERGUSON,2017-02-25,2,18.18040688438931,daffodil
JACKSON,2017-04-04,2,18.708487234858218,gerbera
CARROLL,2017-02-11,5,8.968955605473209,tulip
BURKE,2017-08-16,1,39.78046538927822,daffodil
DIAZ,2017-03-27,2,10.112087994799792,gardenia
FERGUSON,2017-02-21,4,20.2454306902428,daffodil
DANIELS,2017-04-28,1,19.433847061784466,rose
CHAPMAN,2017-01-26,4,21.94854510220763,gerbera
CALDWELL,2017-05-17,3,11.530575746506964,carnation
ROBINSON,2017-08-31,1,19.740721609088027,lilac
MORGAN,2017-08-20,3,10.609334750394755,tulip
ROBINSON,2017-05-26,5,40.57543892255048,lilac
WEBB,2017-07-13,2,8.004355730089456,iris
BURKE,2017-08-16,4,18.560260365877355,daffodil
HAMILTON,2017-07-14,3,40.6179703571667,lilac
HARPER,2017-04-10,2,21.806858719919685,tulip
WELCH,2017-01-11,3,20.832149115209614,daisy
WAGNER,2017-01-16,3,20.369090538431443,iris
BURKE,2017-04-22,5,18.81915130532943,daffodil
ROBINSON,2017-08-01,5,40.982285794069355,lilac
ALLEN,2017-07-17,2,19.829455239483146,rose
RYAN,2017-09-01,3,20.55366219871855,carnation
CARPENTER,2017-04-11,2,9.822113765492555,sunflower
CLARK,2017-05-04,4,10.958270141342146,gardenia
ROBINSON,2017-01-04,5,19.320615288241104,lilac
ROBINSON,2017-07-30,1,12.129372227529846,lilac
LEWIS,2017-06-09,4,38.43293342156386,gerbera
GREEN,2017-01-13,3,10.201632012802087,daffodil
MCKINNEY,2017-01-28,3,20.242743614707088,gardenia
ROBINSON,2017-01-27,5,8.222220629574593,lilac
RICHARDS,2017-07-14,3,9.55387215013512,lilac
HARPER,2017-08-21,5,21.037598973359675,tulip
RAMOS,2017-05-26,3,17.6554341093315,orchid
ROBINSON,2017-04-12,5,9.302764983103009,lilac
NEAL,2017-05-30,5,20.951594519324033,iris
MEDINA,2017-01-31,5,21.11362145441848,daffodil
WILLIS,2017-06-25,1,22.343949267748798,tulip
ROBINSON,2017-03-15,5,11.349250233547508,lilac
MURRAY,2017-02-18,5,21.743100584706976,daffodil
WATTS,2017-08-31,5,21.37626984738797,gardenia
WATTS,2017-08-24,2,39.62882165037336,gardenia
HART,2017-04-08,4,20.937876879939264,gardenia
HICKS,2017-04-13,4,18.19812547625326,daisy
CHAPMAN,2017-07-02,5,9.723798996287336,gerbera
STONE,2017-03-12,4,39.122986373405546,iris
ROBINSON,2017-03-09,4,11.609311591921209,lilac
JAMES,2017-06-01,2,19.517681086449205,daisy
POWELL,2017-01-22,3,39.903788141337344,gardenia
RICHARDS,2017-02-19,3,39.48705045649802,lilac
STONE,2017-07-22,4,41.9382701757059,iris
GONZALEZ,2017-08-14,2,39.96675665072468,gardenia
MILLS,2017-05-24,5,9.97530729279231,rose
MORRISON,2017-01-02,4,12.030218006803244,gardenia
ROGERS,2017-03-11,2,10.189389367040652,gardenia
MURPHY,2017-03-18,5,9.80803688785054,iris
ROBINSON,2017-05-29,1,40.298659647408655,lilac
RHODES,2017-01-07,5,40.1071388249119,carnation
CARROLL,2017-07-29,3,,tulip
KELLY,2017-06-04,4,9.474149144879881,daisy
SNYDER,2017-08-04,5,18.877603770381278,sunflower
REYNOLDS,2017-04-25,3,41.478611368512695,gardenia
MASON,2017-07-02,5,19.917732858165582,tulip
ROBINSON,2017-01-03,5,38.82266372962948,lilac
ORTIZ,2017-04-21,5,20.086883660435262,carnation
ROBINSON,2017-05-25,4,20.126000825035835,lilac
JORDAN,2017-01-06,4,9.31625019561859,carnation
PENA,2017-06-28,3,38.967503411677846,lilac
BURKE,2017-08-28,3,20.3814551149799,daffodil
EVANS,2017-03-24,5,21.012090536159842,daisy
RICE,2017-01-07,3,19.294549835928294,gerbera
BATES,2017-01-02,5,40.28037631562681,daisy
HOPKINS,2017-08-31,2,11.044370176450023,tulip
PETERS,2017-05-21,5,20.379008951214235,orchid
PERKINS,2017-05-19,4,9.854839924071136,iris
BROWN,2017-05-22,3,8.21143593021903,daffodil
REED,2017-04-22,4,18.842673863432275,gerbera
MILES,2017-03-17,5,10.588153375177606,daisy
CARTER,2017-07-03,5,41.748071306857355,jasmine
ROBINSON,2017-08-15,3,38.48833706375374,lilac
RODRIQUEZ,2017-08-20,3,19.092672690713986,carnation
BENNETT,2017-07-22,5,20.293769858556022,rose
RIVERA,2017-08-20,5,41.03370297862358,daffodil
ROSE,2017-08-06,3,18.857847692157776,gardenia
CALDWELL,2017-01-10,5,20.656427078954547,carnation
SILVA,2017-02-04,1,18.701793067714103,lilac
PENA,2017-08-17,5,39.689800604995526,lilac
RAMIREZ,2017-07-12,3,20.27861583111815,lilac
PALMER,2017-02-02,5,40.66489880510962,gardenia
MURRAY,2017-06-15,5,11.087979152767431,daffodil
ROBINSON,2017-05-28,5,19.386763367189875,lilac
LAWRENCE,2017-06-15,2,41.20332944736875,daffodil
THOMPSON,2017-05-07,5,39.681435096541335,tulip
BREWER,2017-04-22,4,19.779140057267778,carnation
CARLSON,2017-02-06,5,42.99631722334263,rose
BANKS,2017-06-28,1,40.86078626156316,orchid
MCDONALD,2017-01-10,4,22.2870250314345,tulip
MORGAN,2017-04-15,5,10.694375864487823,tulip
ROBINSON,2017-03-31,4,39.75823671114292,lilac
LEE,2017-07-25,5,,daffodil
ROBINSON,2017-02-15,5,39.144215791877876,lilac
HALE,2017-05-19,1,19.98889411418165,rose
WALKER,2017-02-23,2,19.837934302549293,gardenia
POWELL,2017-07-04,4,20.11682517476823,gardenia
ROBINSON,2017-05-18,5,40.102380890832826,lilac
STEWART,2017-07-19,4,19.722273447270336,tulip
HALE,2017-08-23,5,8.280981607273578,rose
MCCOY,2017-02-08,3,,sunflower
DANIELS,2017-01-25,5,21.389024174523165,rose
RICHARDS,2017-05-17,3,19.579736232777467,lilac
DANIELS,2017-01-30,4,21.799445538468248,rose
MARSHALL,2017-04-26,5,21.810628028530886,carnation
CARROLL,2017-06-07,4,20.05042767333889,tulip
DANIELS,2017-01-16,4,19.246844681260324,rose
OBRIEN,2017-06-26,2,10.284604305977789,sunflower
KING,2017-01-04,3,38.50324227180895,rose
GRIFFIN,2017-09-03,4,,iris
GARDNER,2017-01-21,2,10.761735089281366,gardenia
GORDON,2017-09-04,5,20.675018919564764,rose
ROBINSON,2017-03-22,5,39.906964911316514,lilac
MORALES,2017-01-01,5,19.17431665429791,jasmine
DAVIDSON,2017-01-14,5,21.534000947514258,sunflower
ROBINSON,2017-05-07,5,10.694869109753045,lilac
ROBINSON,2017-04-18,5,21.09204467832951,lilac
MOORE,2017-02-07,5,18.941808538310724,rose
CLARK,2017-03-10,3,,gardenia
MORALES,2017-03-23,4,11.051502932117154,jasmine
MAY,2017-05-31,3,9.125438981046608,rose
ROBINSON,2017-08-16,2,20.975911014938106,lilac
HARPER,2017-06-02,4,18.881858590903775,tulip
CARLSON,2017-03-28,5,18.631115594466316,rose
WOOD,2017-08-11,3,9.541772756962937,sunflower
GONZALES,2017-04-06,2,9.795142790517158,lilac
DUNN,2017-05-12,5,40.63167688360915,daffodil
PALMER,2017-08-27,3,18.29778733762777,gardenia
RICE,2017-02-12,4,19.802920158367574,gerbera
CALDWELL,2017-08-12,3,19.617544468767367,carnation
ROBINSON,2017-06-21,5,20.016600045283862,lilac
ROSE,2017-02-24,4,19.149593181101167,gardenia
MILLER,2017-05-21,3,20.674838848471875,daffodil
WOODS,2017-05-19,3,20.096969920351576,sunflower
DIXON,2017-05-18,3,40.031487535652396,gerbera
JOHNSTON,2017-05-14,5,10.779947755594964,orchid
WEAVER,2017-08-24,1,21.47187976673855,sunflower
MCKINNEY,2017-01-22,5,18.649521543554144,gardenia
ROBINSON,2017-02-17,5,21.37707319681946,lilac
ROBINSON,2017-06-01,5,19.726581347603027,lilac
ROBINSON,2017-07-10,1,39.772274751556914,lilac
BERRY,2017-08-30,4,39.27870401614798,iris
HOLMES,2017-08-02,3,19.18441024580818,rose
HOFFMAN,2017-01-16,2,38.77006384766891,sunflower
HUNTER,2017-04-02,2,11.278832725496676,rose
FERNANDEZ,2017-01-16,1,41.58632759449186,carnation
GARDNER,2017-02-03,3,20.021240716697804,gardenia
ROBINSON,2017-02-13,5,9.677565744517377,lilac
HOFFMAN,2017-04-05,4,17.742611132362214,sunflower
PRICE,2017-04-25,4,10.268818522654309,daisy
CURTIS,2017-04-21,3,40.86943983404197,sunflower
ROBINSON,2017-01-14,5,39.667489660918555,lilac
REYES,2017-01-30,4,20.3532827591497,rose
ROBINSON,2017-03-23,5,11.356416090193058,lilac
NEWMAN,2017-03-23,4,9.730491220633807,gerbera
CHAMBERS,2017-04-15,4,9.780960528126,gerbera
MITCHELL,2017-06-20,1,40.78253914408094,lilac
HARRISON,2017-05-21,1,21.797325353938312,orchid
HORTON,2017-01-02,1,19.37689141500159,tulip
PAYNE,2017-01-30,4,21.822358317118322,rose
HALE,2017-07-12,4,39.598060302595265,rose
KELLY,2017-02-28,4,19.806344377735154,daisy
ROBINSON,2017-06-21,5,40.60477811396738,lilac
DANIELS,2017-03-02,1,9.897293546703857,rose
ROBINSON,2017-07-24,5,40.4600184870818,lilac
PAYNE,2017-02-19,5,38.52928460274713,rose
ROBINSON,2017-08-29,4,9.930922200779158,lilac
ELLIS,2017-05-09,3,39.88225124235063,daisy
ROBINSON,2017-07-06,5,19.51073934633442,lilac
KING,2017-02-18,5,39.91810180808752,rose
ROBINSON,2017-04-01,5,40.351683462996135,lilac
HOWELL,2017-02-23,1,19.676439724023556,lilac
OWENS,2017-05-26,1,18.92178299320153,iris
RICHARDS,2017-07-13,3,21.57465466558677,lilac
HOLT,2017-03-24,3,20.54836673713625,gerbera
RAMOS,2017-01-10,3,39.493815809590664,orchid
CARLSON,2017-01-12,2,40.53197030302533,rose
LEWIS,2017-06-23,2,20.65649047587376,gerbera
WOOD,2017-08-13,1,20.481757984540366,sunflower
WILLIAMS,2017-01-23,5,39.40872492029388,daffodil
WATSON,2017-01-27,4,19.102188454141093,iris
WHEELER,2017-05-11,4,20.727667726071694,orchid
SANDERS,2017-08-03,4,37.986495464625584,daffodil
BAILEY,2017-02-16,2,41.2548545565496,rose
RUSSELL,2017-08-03,5,10.192468855041623,carnation
ALVAREZ,2017-01-17,3,20.676234877093503,orchid
SUTTON,2017-05-20,5,21.153612323685156,jasmine
ORTIZ,2017-04-23,1,20.52689842874012,carnation
HALE,2017-02-28,3,9.673019840479567,rose
GOMEZ,2017-06-08,4,10.871320599788058,tulip
BARNETT,2017-04-25,5,18.777073666555836,gardenia
SPENCER,2017-08-16,2,17.88893252661165,orchid
HUNTER,2017-05-16,5,40.21034396525123,rose
CALDWELL,2017-05-06,3,38.86768017281468,carnation
MORRIS,2017-03-21,2,10.698465189482716,rose
CALDWELL,2017-07-17,1,19.26228914944807,carnation
ORTIZ,2017-06-05,4,21.11403903915744,carnation
MILLS,2017-07-28,4,38.3913669677488,rose
JOHNSON,2017-08-29,5,21.175807885142248,daisy
BLACK,2017-04-12,4,39.80142620920674,tulip
BYRD,2017-02-01,4,39.13908700399853,gardenia
HOLLAND,2017-07-09,4,41.2368671997801,jasmine
BECK,2017-05-01,5,11.44543935150865,orchid
CALDWELL,2017-04-05,5,40.09155124945795,carnation
ROBINSON,2017-01-07,5,10.598514558605295,lilac
ROBINSON,2017-02-18,2,8.999600808313339,lilac
TURNER,2017-08-17,2,18.77146476419974,iris
CRAIG,2017-08-25,3,40.90236745302462,gardenia
BROOKS,2017-05-04,5,20.68471451687745,rose
SANDERS,2017-08-18,2,20.710239352872577,daffodil
MYERS,2017-07-16,4,39.68657183437991,gerbera
NGUYEN,2017-07-18,4,20.954869572879133,gerbera
ROBINSON,2017-01-09,5,17.912178362441317,lilac
SNYDER,2017-05-10,3,41.72214009489744,sunflower
ROBINSON,2017-02-18,5,39.33357524444564,lilac
PRICE,2017-08-16,1,19.308156856700386,daisy
ROBINSON,2017-08-17,5,10.173784126307721,lilac
ROBINSON,2017-01-01,3,10.067076142225387,lilac
ELLIS,2017-03-09,5,39.85628633906411,daisy
BAILEY,2017-04-14,4,20.109265894612427,rose
ROBINSON,2017-08-02,5,20.758678000620986,lilac
JACOBS,2017-04-11,5,40.504536579581064,carnation
WELCH,2017-04-05,1,9.179863659357514,daisy
STEVENS,2017-07-18,3,18.50814774104428,jasmine
ROBINSON,2017-06-13,3,38.02200926366295,lilac
ROBERTS,2017-06-13,4,19.046088328689756,tulip
ROBINSON,2017-03-21,5,39.348512814940975,lilac
JACOBS,2017-08-30,4,9.543406771178956,carnation
HOLMES,2017-01-20,4,8.279197859697513,rose
BELL,2017-06-29,1,41.236475334646435,gardenia
CASTRO,2017-05-10,5,20.591347711596416,gardenia
ROBINSON,2017-02-04,5,39.99420057247508,lilac
JACOBS,2017-01-31,5,39.9005058747402,carnation
RICHARDSON,2017-05-23,5,10.22015816330958,jasmine
MURRAY,2017-07-15,5,38.827656686517194,daffodil
WHEELER,2017-04-07,3,38.646486481020936,orchid
DAY,2017-03-06,3,39.184269734461594,orchid
SHELTON,2017-04-06,5,19.7635281206912,rose
STEWART,2017-05-09,3,9.335130508576272,tulip
CARPENTER,2017-05-18,3,20.381930676329098,sunflower
RAMOS,2017-02-20,5,39.48031310227434,orchid
ROBINSON,2017-03-08,3,19.0691775358897,lilac
CARLSON,2017-08-21,4,20.28944745205815,rose
HOLLAND,2017-07-02,4,38.48238364728062,jasmine
ROBINSON,2017-04-30,5,8.183829724414428,lilac
DOUGLAS,2017-05-22,3,39.546823022128706,daisy
MILLER,2017-07-28,5,10.738168610361956,daffodil
BUTLER,2017-04-22,2,39.640747653272285,tulip
ROBINSON,2017-08-11,5,20.69936422043128,lilac
DANIELS,2017-04-16,4,19.957283291012963,rose
BROWN,2017-05-15,5,20.555778929933307,daffodil
HARPER,2017-04-01,3,18.84390014750337,tulip
CASTILLO,2017-01-07,2,40.07595619706157,gardenia
ROBINSON,2017-01-09,4,19.963222679745492,lilac
ROBINSON,2017-04-08,5,41.93043774098565,lilac
GRAY,2017-04-08,3,19.719347023936592,gerbera
HUNTER,2017-07-09,1,21.353694767679368,rose
ROBINSON,2017-08-01,5,40.286412174998794,lilac
ORTIZ,2017-06-29,1,19.91593360487598,carnation
RAY,2017-05-31,5,40.23100153938566,jasmine
HUNTER,2017-07-04,2,8.86021906643558,rose
BANKS,2017-02-18,5,21.126801075458566,orchid
GRAY,2017-08-12,5,19.363362609116102,gerbera
ROBINSON,2017-01-31,5,7.839895366820082,lilac
FLEMING,2017-01-30,4,39.029086922608386,sunflower
SOTO,2017-01-31,5,19.65639643928566,lilac
JIMENEZ,2017-04-21,3,,tulip
HARPER,2017-01-01,4,20.6131187981319,tulip
HAMILTON,2017-03-17,5,21.149976386535844,lilac
ROBINSON,2017-03-18,5,20.849930284439758,lilac
ORTIZ,2017-03-16,1,20.41784456159898,carnation
MCCOY,2017-08-02,5,20.723903886362148,sunflower
RICHARDS,2017-06-15,2,19.44999025292047,lilac
HUDSON,2017-06-14,5,,gardenia
COLEMAN,2017-05-21,4,19.410005368504624,tulip
ROBINSON,2017-05-17,1,9.279992480738542,lilac
DANIELS,2017-05-30,3,40.001465136878316,rose
WARD,2017-02-25,5,39.77451603730314,gerbera
ROBINSON,2017-01-16,3,38.37367878854434,lilac
LYNCH,2017-06-18,4,20.42535575061928,daisy
ROBINSON,2017-01-04,5,9.86299681454357,lilac
HAYES,2017-08-27,1,19.09290703552334,jasmine
ROBINSON,2017-02-27,4,20.05600481235799,lilac
RUIZ,2017-04-01,1,40.89374610875696,iris
LYNCH,2017-05-25,5,20.117977455996794,daisy
MORRISON,2017-05-27,5,9.32704833536355,gardenia
LUCAS,2017-02-16,5,20.1294987992892,carnation
BROWN,2017-01-05,2,17.594668733256434,daffodil
LITTLE,2017-07-17,4,,gardenia
ROBINSON,2017-02-04,2,20.220777489796127,lilac
ROBINSON,2017-06-10,5,20.412006074697267,lilac
FERGUSON,2017-02-27,3,11.385748884397252,daffodil
GONZALES,2017-06-30,4,10.225101213692007,lilac
MORALES,2017-07-25,5,19.366468184314545,jasmine
BARNETT,2017-02-25,2,20.78949787856871,gardenia
HERRERA,2017-06-07,4,11.12881029492998,rose
MCKINNEY,2017-05-10,3,20.853671744538662,gardenia
ROBINSON,2017-02-09,4,17.386108580604482,lilac
HUNTER,2017-02-11,4,41.20688500025086,rose
SHAW,2017-06-11,3,11.086556982123154,sunflower
FERNANDEZ,2017-08-09,2,18.977940203605705,carnation
BURKE,2017-05-11,2,39.66946893073332,daffodil
ORTIZ,2017-07-16,1,41.96023315124583,carnation
MORGAN,2017-06-06,3,9.347733091904857,tulip
DANIELS,2017-04-17,5,19.939771503236127,rose
HALE,2017-06-27,3,40.085951137920325,rose
RICHARDSON,2017-08-05,5,38.66781017118827,jasmine
BELL,2017-06-07,3,19.04051901684216,gardenia
JOHNSTON,2017-02-11,5,19.18362579530438,orchid
GONZALES,2017-04-20,5,40.08323132732283,lilac
GARCIA,2017-01-05,2,40.60410439632272,tulip
FOX,2017-03-25,2,39.6234984907033,gerbera
GREENE,2017-04-12,4,41.09140945951411,rose
ROBINSON,2017-07-01,5,19.42861801292566,lilac
ROBINSON,2017-07-01,3,19.9367928714749,lilac
ROBINSON,2017-01-21,5,19.608366318928322,lilac
ROBINSON,2017-05-03,4,9.941338731217183,lilac
ROBINSON,2017-07-02,5,20.72017968607647,lilac
CRAWFORD,2017-01-17,5,20.71376533346084,carnation
ROBINSON,2017-07-12,5,19.135496246930515,lilac
GOMEZ,2017-03-23,1,39.676111836110714,tulip
WARD,2017-07-20,3,40.67193588314544,gerbera
DUNN,2017-04-18,1,19.696882144455355,daffodil
JOHNSTON,2017-07-12,5,19.204785889459508,orchid
GREEN,2017-01-15,3,20.95046676454461,daffodil
ROGERS,2017-06-20,2,40.73186622156254,gardenia
LARSON,2017-09-04,4,21.069429306746375,tulip
ALLEN,2017-07-01,4,19.858291576978104,rose
HORTON,2017-07-18,1,39.32233691142038,tulip
WHITE,2017-08-14,1,17.85213873107417,gardenia
ROBINSON,2017-01-12,1,39.5759265561809,lilac
CARROLL,2017-02-15,5,18.556155868260433,tulip
WILLIAMS,2017-03-25,3,39.1231581745192,daffodil
GUTIERREZ,2017-03-20,3,38.705259188525204,gerbera
ROBINSON,2017-03-29,4,17.501773195583038,lilac
ROBINSON,2017-01-28,4,,lilac
ROBINSON,2017-06-22,5,40.046326535867216,lilac
BURKE,2017-05-30,4,8.323360197384574,daffodil
RICE,2017-02-18,3,19.552498898381536,gerbera
MARTINEZ,2017-05-21,4,41.432332974792736,gardenia
ROBINSON,2017-07-03,4,10.01425747024187,lilac
ANDREWS,2017-06-08,2,20.22610849804412,orchid
BAILEY,2017-05-02,2,39.24600733360161,rose
GARZA,2017-08-13,5,38.95346066294632,daffodil
WEBB,2017-04-01,3,21.701424608419398,iris
GRAVES,2017-02-15,2,20.667256959021355,gerbera
CARROLL,2017-05-08,5,19.55089537556503,tulip
PERKINS,2017-07-26,3,20.086296320158993,iris
KING,2017-04-23,4,39.50811992126096,rose
ROBINSON,2017-05-24,5,39.62440224013677,lilac
MARSHALL,2017-05-06,3,38.61857427525246,carnation
HUDSON,2017-04-28,3,7.621566171200918,gardenia
DUNN,2017-07-14,3,20.275932523197252,daffodil
ROBINSON,2017-01-02,5,10.070531082144146,lilac
ROBINSON,2017-06-13,5,19.253301275676996,lilac
ROBINSON,2017-06-18,5,39.18466849361471,lilac
HILL,2017-05-19,3,17.977297425833665,daffodil
RAMOS,2017-07-08,1,10.239160236713586,orchid
CURTIS,2017-08-02,2,21.147575712619027,sunflower
ROBINSON,2017-03-16,5,22.06949841389647,lilac
MCCOY,2017-06-10,4,20.107706604507435,sunflower
RAMOS,2017-08-25,4,39.46329829945729,orchid
ROBINSON,2017-05-17,5,19.601682395033976,lilac
KNIGHT,2017-02-26,4,18.22666695326251,gardenia
HUNTER,2017-01-18,4,42.83199518751649,rose
ANDERSON,2017-03-25,2,10.067761463721538,daisy
JACOBS,2017-04-20,5,19.307921328707604,carnation
VASQUEZ,2017-06-25,4,37.76079022003587,gardenia
RHODES,2017-03-15,4,18.298755671597437,carnation
ROBINSON,2017-04-23,5,21.613492029195008,lilac
ROBINSON,2017-07-12,5,8.236668134635401,lilac
FLEMING,2017-06-28,3,11.169952633217822,sunflower
ROBINSON,2017-08-21,3,21.18647024500149,lilac
MENDOZA,2017-08-09,5,18.94886452018504,daisy
JACOBS,2017-06-24,4,39.99935439484211,carnation
CARROLL,2017-06-09,3,,tulip
SANDERS,2017-04-30,1,39.9276025955951,daffodil
DANIELS,2017-08-02,3,18.991206124557642,rose
HART,2017-07-30,1,19.206363026290955,gardenia
DANIELS,2017-08-05,2,38.09934673035294,rose
ROBINSON,2017-07-17,5,8.675060856683505,lilac
ROBINSON,2017-04-16,5,19.972334222709158,lilac
GRAHAM,2017-08-02,2,10.294101927481078,lilac
ROBINSON,2017-05-21,2,11.75598399352932,lilac
BATES,2017-07-03,3,38.88590619560963,daisy
ROBINSON,2017-06-04,4,38.84056227603225,lilac
FOX,2017-01-13,2,10.078326654004737,gerbera
HUNTER,2017-08-03,1,41.64732182762001,rose
ROBINSON,2017-06-07,5,39.00855501571081,lilac
CURTIS,2017-08-27,3,9.90538843568278,sunflower
ROBINSON,2017-07-17,5,40.39116482017209,lilac
HUNT,2017-08-22,4,19.550183959142593,gerbera
MORRISON,2017-03-01,5,20.07118941401848,gardenia
MORALES,2017-06-11,4,39.74625143474983,jasmine
ROBINSON,2017-01-03,2,41.53718994033743,lilac
HUDSON,2017-08-30,4,38.57885997750445,gardenia
OLSON,2017-03-21,4,40.38609528409458,lilac
MURRAY,2017-06-21,5,11.807844044715944,daffodil
ROBINSON,2017-03-02,2,40.56157314427975,lilac
ROBINSON,2017-07-30,5,10.640357968434348,lilac
ROBINSON,2017-05-29,1,39.53768710819649,lilac
FORD,2017-06-06,4,21.100522923889105,carnation
RYAN,2017-03-09,5,10.42452053489414,carnation
ROBINSON,2017-07-25,5,20.6727304057293,lilac
CARLSON,2017-02-06,3,18.890504056649892,rose
BISHOP,2017-01-26,4,9.919408543733034,sunflower
BENNETT,2017-04-26,3,20.36756375632163,rose
ROBINSON,2017-01-08,5,19.95581255766759,lilac
FREEMAN,2017-03-12,4,19.320466409881462,gerbera
HUNTER,2017-02-15,2,19.632809833030617,rose
CASTRO,2017-08-20,4,20.59462795295246,gardenia
ROBINSON,2017-03-20,4,21.083977056249545,lilac
COLEMAN,2017-02-06,2,20.26246348400157,tulip
CASTRO,2017-06-03,5,20.926613717748136,gardenia
ROBINSON,2017-01-11,5,39.85943694640198,lilac
NEAL,2017-09-03,3,39.21778553397339,iris
DANIELS,2017-08-29,5,20.954779835802942,rose
FREEMAN,2017-03-28,3,39.28486352623754,gerbera
EVANS,2017-04-05,1,38.54709851572177,daisy
REID,2017-07-12,1,39.580643005742445,jasmine
ROBINSON,2017-06-17,4,10.053403104085895,lilac
ROBINSON,2017-01-08,4,38.79857549025633,lilac
DANIELS,2017-03-25,4,9.288440708800081,rose
ROBINSON,2017-08-09,4,8.872260202913196,lilac
ADAMS,2017-01-22,4,39.066732278503515,orchid
BURKE,2017-04-23,3,19.41409494389223,daffodil
JACOBS,2017-07-22,5,19.472706752219437,carnation
ROBINSON,2017-06-22,2,9.445687561636133,lilac
WAGNER,2017-03-18,2,,iris
DAY,2017-05-31,3,20.402872175948794,orchid
STEWART,2017-08-31,4,20.55303205734713,tulip
ROBINSON,2017-02-10,5,8.836212072416204,lilac
ROBINSON,2017-07-08,5,9.75399218862583,lilac
ROBINSON,2017-07-23,5,20.214650180157065,lilac
GRANT,2017-06-18,1,9.889104678549884,tulip
CALDWELL,2017-04-07,5,42.12211938458883,carnation
FIELDS,2017-03-25,1,21.148339002385022,lilac
MORALES,2017-03-09,3,19.2919599152601,jasmine
FOSTER,2017-06-09,3,19.96992834153728,daffodil
RIVERA,2017-07-14,5,11.841668701281488,daffodil
ROBINSON,2017-01-06,5,20.676548716953928,lilac
CURTIS,2017-08-13,3,21.066534622345422,sunflower
ROBINSON,2017-01-06,5,20.22270184174417,lilac
GOMEZ,2017-05-31,3,19.26868296862394,tulip
HOLLAND,2017-06-07,5,39.855767488577214,jasmine
AUSTIN,2017-05-10,5,41.28852927938783,jasmine
ROBINSON,2017-07-20,5,11.16132586847472,lilac
CARROLL,2017-05-21,1,38.94392571220611,tulip
HOWELL,2017-07-29,3,40.037727174217125,lilac
KIM,2017-03-15,5,21.109069633911922,gerbera
BISHOP,2017-04-19,5,20.826856010089088,sunflower
LAWRENCE,2017-05-03,5,20.484828916098213,daffodil
HARVEY,2017-04-20,4,18.991206628155673,tulip
JOHNSTON,2017-07-14,5,19.312738859226116,orchid
RODRIQUEZ,2017-03-30,4,10.666873311445997,carnation
ROBINSON,2017-01-21,2,18.669438190193787,lilac
RAMOS,2017-08-24,3,19.88529663342091,orchid
GARZA,2017-02-26,5,18.541557451418605,daffodil
HUGHES,2017-02-16,3,40.34358716187912,rose
ORTIZ,2017-07-27,5,41.115985095116606,carnation
LEWIS,2017-03-19,4,40.460823695737915,gerbera
WATTS,2017-08-03,4,20.81012955554682,gardenia
LYNCH,2017-01-02,3,8.211549720974478,daisy
GRAVES,2017-05-27,5,40.672689864035775,gerbera
LANE,2017-02-21,3,20.199393625860008,gerbera
GONZALEZ,2017-08-20,4,19.981827342438077,gardenia
ROBINSON,2017-01-02,5,9.448141768993722,lilac
PORTER,2017-03-19,3,20.27866541976944,orchid
ALEXANDER,2017-06-24,5,20.170133640688412,sunflower
ROBINSON,2017-07-10,5,18.690125426478424,lilac
ROBINSON,2017-07-12,5,10.24196926475507,lilac
BURKE,2017-06-02,2,38.48236356613143,daffodil
ORTIZ,2017-01-20,2,21.475226286412777,carnation
CRAWFORD,2017-02-07,4,10.48436117466135,carnation
DANIELS,2017-08-17,4,19.63527590758217,rose
LAWSON,2017-05-24,4,11.331382048693456,jasmine
RICHARDS,2017-02-14,2,,lilac
ROBINSON,2017-04-17,3,39.41558398661675,lilac
SCHMIDT,2017-03-22,5,8.78080797267247,rose
DANIELS,2017-06-18,4,40.60595179507549,rose
ROBINSON,2017-01-12,5,20.267353304391076,lilac
MARSHALL,2017-05-02,2,18.66868098103047,carnation
EDWARDS,2017-08-02,4,10.620682556785031,gerbera
NGUYEN,2017-08-02,5,21.037442425665997,gerbera
NGUYEN,2017-03-10,2,18.260750430085388,gerbera
CARLSON,2017-01-31,5,39.097328123805845,rose
HUNTER,2017-06-30,3,18.088148095007625,rose
GONZALES,2017-06-12,3,20.409422160785073,lilac
NELSON,2017-02-28,4,19.541925578686705,daisy
HENRY,2017-05-04,4,18.46454305943314,iris
MORRISON,2017-02-01,4,40.14708609843754,gardenia
AUSTIN,2017-06-15,5,11.076785687699134,jasmine
LAWRENCE,2017-04-18,3,21.278989591849925,daffodil
SCOTT,2017-04-09,2,19.35227672353354,gardenia
MURRAY,2017-08-29,5,9.828821679327142,daffodil
LEE,2017-02-17,4,39.45935545159042,daffodil
HUDSON,2017-06-26,3,40.000645543449565,gardenia
ROBINSON,2017-05-24,2,40.57940659124603,lilac
ROBINSON,2017-04-18,5,40.53226090389278,lilac
DANIELS,2017-01-15,1,9.946010978347356,rose
FERGUSON,2017-07-29,2,19.70099277133291,daffodil
JENKINS,2017-08-25,3,,carnation
MITCHELL,2017-04-25,3,20.151888494969167,lilac
ROBINSON,2017-02-24,5,21.189276127514045,lilac
HALE,2017-04-07,3,10.407778486820611,rose
SHELTON,2017-08-30,5,19.42743822556006,rose
THOMPSON,2017-06-05,3,19.870564493285016,tulip
ROBINSON,2017-02-28,3,8.850109706941696,lilac
GREGORY,2017-07-20,5,10.761102983012123,gardenia
HOLLAND,2017-04-12,1,11.25321538557479,jasmine
AUSTIN,2017-08-10,3,21.291295956636,jasmine
SILVA,2017-04-19,2,38.218833237901826,lilac
CASTRO,2017-02-12,5,40.68581221538623,gardenia
ROBINSON,2017-02-23,5,21.24439900619484,lilac
ROBINSON,2017-05-29,2,20.009072562898357,lilac
PETERS,2017-07-30,5,20.073257114458663,orchid
SANDERS,2017-04-20,1,22.055063752330657,daffodil
WATTS,2017-01-24,3,10.19086152888977,gardenia
DANIELS,2017-05-23,5,9.683494639208151,rose
ROBINSON,2017-06-03,5,18.579935402080924,lilac
ROBINSON,2017-03-08,5,10.575727940326802,lilac
ROBINSON,2017-01-10,2,21.304569747964823,lilac
LYNCH,2017-04-19,5,38.1626363635358,daisy
STEVENS,2017-01-18,3,9.366385501907377,jasmine
BAILEY,2017-04-14,4,18.92563778086098,rose
MASON,2017-06-20,4,8.043027895409214,tulip
FOSTER,2017-05-05,3,19.940934885752103,daffodil
NICHOLS,2017-04-07,3,18.24273484374668,lilac
MILLER,2017-06-18,3,9.629686505879715,daffodil
RAMOS,2017-08-24,5,19.61519765766142,orchid
MILLS,2017-04-15,5,20.7718203488036,rose
DANIELS,2017-03-21,2,20.34891738647279,rose
JACOBS,2017-03-31,3,10.917093338648257,carnation
ANDREWS,2017-07-14,2,39.63009935164274,orchid
COOPER,2017-07-31,5,20.583860461590476,lilac
ROBERTS,2017-06-13,3,10.718307932248527,tulip
ROBINSON,2017-07-03,5,38.971021254650395,lilac
LARSON,2017-06-13,3,40.92130084286267,tulip
HUNTER,2017-02-08,3,10.80716128940459,rose
STEWART,2017-04-28,4,40.24573950050194,tulip
ROBINSON,2017-05-23,5,11.134021868027986,lilac
ROBINSON,2017-07-14,2,20.54580813843546,lilac
ROBINSON,2017-01-15,5,20.567802618138632,lilac
SCOTT,2017-04-14,3,38.658038000923696,gardenia
MITCHELL,2017-03-06,5,19.525242736797097,lilac
ROBINSON,2017-06-12,5,18.358447283546607,lilac
MASON,2017-03-31,4,40.310464861500684,tulip
CARLSON,2017-01-18,2,41.79719245811017,rose
RIVERA,2017-09-02,5,10.563104880880175,daffodil
HALE,2017-02-18,5,20.253908852510733,rose
TURNER,2017-04-08,5,21.27588599775287,iris
ROBINSON,2017-05-01,5,20.38718053055175,lilac
JENNINGS,2017-04-24,1,9.050218058063296,tulip
ROBINSON,2017-06-07,5,18.562240724459205,lilac
PERKINS,2017-09-02,3,20.98348080804775,iris
ROBINSON,2017-01-31,3,20.950662901804368,lilac
GARZA,2017-09-04,2,38.78181295800544,daffodil
HOWARD,2017-04-25,2,18.662196864830438,gardenia
FULLER,2017-03-12,5,39.932714286854186,lilac
RHODES,2017-06-06,4,19.626385855460647,carnation
PATTERSON,2017-06-11,4,19.8757551449764,rose
BURKE,2017-06-18,1,19.601313539330967,daffodil
DANIELS,2017-03-05,4,11.771328684237506,rose
HUDSON,2017-01-21,5,38.275876053280996,gardenia
BRYANT,2017-08-14,4,21.14430102086101,tulip
ROBINSON,2017-05-31,5,40.3949887084901,lilac
ROBINSON,2017-06-02,3,40.61915327587528,lilac
FISHER,2017-05-07,4,21.516473303635536,iris
BROWN,2017-08-11,5,9.291263450200525,daffodil
DANIELS,2017-01-17,2,10.419990861309923,rose
ROBINSON,2017-06-05,5,18.612868673083565,lilac
PRICE,2017-08-23,4,40.77854479923716,daisy
CRAWFORD,2017-03-21,2,11.48964372995091,carnation
OLIVER,2017-05-17,5,39.171376807131075,jasmine
FERGUSON,2017-01-28,5,20.432952529528507,daffodil
DANIELS,2017-01-05,2,10.467958180382057,rose
LOWE,2017-04-11,2,20.129407809640387,jasmine
ROBINSON,2017-08-28,5,19.007552195551302,lilac
ROBINSON,2017-01-27,5,11.550541605269629,lilac
ANDREWS,2017-06-02,2,40.57948446030988,orchid
HUDSON,2017-05-17,1,39.55546359590966,gardenia
MARSHALL,2017-02-19,3,19.397603657236626,carnation
ROBINSON,2017-03-18,2,12.124361480070661,lilac
DANIELS,2017-04-29,1,39.13857079573335,rose
ROBINSON,2017-01-11,5,19.44937610598247,lilac
JACOBS,2017-06-03,2,20.69829786171427,carnation
MATTHEWS,2017-08-22,5,18.724651647976494,iris
BROWN,2017-01-06,3,19.092806129804963,daffodil
HALE,2017-04-18,2,18.78172361343193,rose
RICE,2017-01-06,2,18.87584322434961,gerbera
BURKE,2017-07-08,2,20.336349832879137,daffodil
HANSEN,2017-03-17,4,18.550459532901986,gerbera
ROBINSON,2017-03-27,5,10.956659881612547,lilac
MEDINA,2017-07-13,5,21.013251048643056,daffodil
LONG,2017-01-26,5,21.068792671750955,daffodil
WOODS,2017-04-23,3,39.96968605718126,sunflower
SNYDER,2017-01-30,4,40.26633510198596,sunflower
AUSTIN,2017-06-21,4,40.65200244494403,jasmine
HOLLAND,2017-06-04,2,39.73664696730012,jasmine
MORALES,2017-02-04,3,19.60295355644997,jasmine
HUNTER,2017-07-27,2,38.93939274664326,rose
MORRIS,2017-08-02,3,19.423605558996076,rose
GRAY,2017-07-28,5,40.81683694560708,gerbera
RICHARDS,2017-04-13,5,19.76115819001615,lilac
ROBINSON,2017-06-03,5,20.31513853963086,lilac
DANIELS,2017-06-09,4,10.773994475334536,rose
PENA,2017-04-13,3,40.26847288264136,lilac
GEORGE,2017-01-27,2,39.45924340077772,carnation
RODRIQUEZ,2017-06-02,1,18.46753838765579,carnation
FREEMAN,2017-03-19,2,38.69721151496351,gerbera
WAGNER,2017-01-01,3,21.203064721676576,iris
CALDWELL,2017-02-19,2,20.7909030924634,carnation
HOLLAND,2017-01-15,4,20.787944510623905,jasmine
GOMEZ,2017-07-28,3,39.239735793557365,tulip
ROBINSON,2017-05-20,5,17.960486077951256,lilac
MARSHALL,2017-09-02,5,9.904764762079802,carnation
GIBSON,2017-04-20,2,10.540978545640826,sunflower
HARRISON,2017-07-06,5,39.67556097787618,orchid
CALDWELL,2017-06-10,5,10.547761413390148,carnation
FOX,2017-02-26,4,12.163468308340688,gerbera
CASTRO,2017-02-22,4,20.71522759730886,gardenia
BENNETT,2017-05-24,4,19.51787239783859,rose
PRICE,2017-08-03,2,18.608331753476573,daisy
ROBINSON,2017-07-22,5,9.623499200053308,lilac
ROBINSON,2017-07-17,3,20.0449228469934,lilac
PATTERSON,2017-02-15,4,19.25097776500312,rose
PORTER,2017-09-03,2,10.126668501953674,orchid
MENDOZA,2017-02-05,1,21.067898792110164,daisy
WATTS,2017-02-13,4,19.03730247122253,gardenia
ROBINSON,2017-08-21,5,11.008676549795236,lilac
ROBINSON,2017-07-27,5,13.26318152142278,lilac
ORTIZ,2017-01-24,4,19.561037477685822,carnation
ROBINSON,2017-09-01,5,,lilac
DANIELS,2017-05-09,5,39.45551364216413,rose
PEREZ,2017-01-23,3,20.02096232129758,tulip
JOHNSON,2017-08-18,3,20.770844391006936,daisy
PALMER,2017-02-08,5,40.496881910632275,gardenia
NICHOLS,2017-06-01,5,19.752407892436235,lilac
HENDERSON,2017-06-16,4,9.605376642374443,rose
HUNTER,2017-01-28,4,20.13005555426125,rose
TORRES,2017-05-06,4,19.639151800752245,daffodil
ORTIZ,2017-01-20,4,11.92630772477169,carnation
ROBINSON,2017-04-13,5,8.642980010870781,lilac
BURKE,2017-03-05,5,20.35526632091618,daffodil
WEAVER,2017-05-25,1,19.765553529469504,sunflower
WHEELER,2017-06-16,5,19.168743426228815,orchid
ROBINSON,2017-04-20,5,9.645967623390263,lilac
ROBINSON,2017-07-28,2,8.723766794663165,lilac
FOWLER,2017-04-12,4,9.539758653527816,daisy
REID,2017-04-17,5,19.042954920573415,jasmine
MILES,2017-05-28,2,10.470125224387713,daisy
JACOBS,2017-08-21,4,20.19584057812345,carnation
DUNN,2017-09-03,4,39.195783598640205,daffodil
JIMENEZ,2017-06-15,5,40.766663991443,tulip
DANIELS,2017-05-13,3,9.814681655219493,rose
ROBINSON,2017-07-29,5,18.668507324759695,lilac
ELLIS,2017-07-14,4,10.099133989422626,daisy
ROBINSON,2017-04-22,5,8.895752270928366,lilac
ROBINSON,2017-05-12,5,38.68490069145185,lilac
DANIELS,2017-01-27,2,19.83766526348643,rose
MARSHALL,2017-07-01,5,41.09381377040543,carnation
ROBINSON,2017-05-14,4,38.823327029194495,lilac
HERNANDEZ,2017-02-03,3,19.234047486363018,gardenia
GONZALES,2017-02-06,4,40.230032821167605,lilac
JACOBS,2017-02-11,5,39.80051404071813,carnation
CRUZ,2017-06-06,3,20.07286570538683,lilac
GRIFFIN,2017-02-16,4,41.30936146575783,iris
CUNNINGHAM,2017-01-26,2,41.35979220152916,daisy
MCKINNEY,2017-01-23,4,19.80395396585677,gardenia
WOOD,2017-03-26,3,11.598584506329045,sunflower
HOLT,2017-06-01,1,19.656885483754937,gerbera
ROBINSON,2017-05-21,4,39.20183165119731,lilac
BURNS,2017-07-25,5,39.7035727540031,tulip
ROBINSON,2017-04-22,3,19.841268127765957,lilac
HUNTER,2017-01-28,2,40.40837589010492,rose
ROBINSON,2017-05-05,3,19.728401824262274,lilac
HAYES,2017-06-09,5,20.154059556558483,jasmine
THOMPSON,2017-02-06,3,40.149546495140434,tulip
DANIELS,2017-01-30,2,21.057843912381365,rose
ROBINSON,2017-07-30,4,41.32994001895204,lilac
BANKS,2017-08-31,4,40.52679678399797,orchid
ROBINSON,2017-08-13,5,40.529661253096265,lilac
MASON,2017-02-12,2,10.632166233095619,tulip
FRANKLIN,2017-07-16,4,9.497225264136635,daffodil
WAGNER,2017-01-09,5,9.918586514472391,iris
PATTERSON,2017-06-30,3,38.93133469745953,rose
CARPENTER,2017-07-27,3,8.989712370531672,sunflower
ANDERSON,2017-01-26,2,19.238752863749248,daisy
BROOKS,2017-05-06,3,9.070769650884062,rose
BROOKS,2017-06-07,3,18.27932055124614,rose
BENNETT,2017-08-28,5,20.40955751221626,rose
GARDNER,2017-04-05,1,9.569352854118302,gardenia
RODRIQUEZ,2017-04-22,4,20.745290435523664,carnation
BURKE,2017-02-08,5,18.725000186335983,daffodil
JACOBS,2017-08-13,4,19.40083006137294,carnation
VARGAS,2017-05-17,2,20.076459446156196,sunflower
HARRISON,2017-04-20,2,21.066854454033503,orchid
BURKE,2017-07-07,4,21.11950431103059,daffodil
REID,2017-03-26,5,,jasmine
WOODS,2017-05-18,4,39.4497056968829,sunflower
SCHMIDT,2017-02-12,5,42.391020502446274,rose
MILLS,2017-03-06,3,19.219968121746227,rose
STEWART,2017-07-27,4,40.9773089657669,tulip
OLIVER,2017-06-16,5,18.474044392983114,jasmine
SUTTON,2017-04-27,4,21.453191380527258,jasmine
COOPER,2017-04-16,2,19.37585810527101,lilac
HOLLAND,2017-02-08,2,21.52283978547493,jasmine
ROBINSON,2017-05-04,3,19.962053787513135,lilac
CARROLL,2017-04-17,5,9.408722059409042,tulip
CRAWFORD,2017-06-15,4,20.500399770593717,carnation
FERGUSON,2017-02-15,5,20.37561754075454,daffodil
DANIELS,2017-08-07,5,19.88850953861856,rose
GORDON,2017-06-02,3,11.097624408505586,rose
ALEXANDER,2017-04-25,4,40.04288863034625,sunflower
BENNETT,2017-03-11,3,38.81635091723315,rose
SOTO,2017-01-22,2,20.853619661940897,lilac
REYNOLDS,2017-04-07,5,39.59999262224593,gardenia
CARROLL,2017-07-15,2,39.44505304238053,tulip
DUNN,2017-08-06,5,41.54975558661798,daffodil
HENRY,2017-08-29,4,8.464866444002196,iris
JACOBS,2017-06-21,5,39.808545101201595,carnation
JACOBS,2017-08-10,4,40.103362826402105,carnation
MCCOY,2017-01-10,2,20.380240978976822,sunflower
ROBINSON,2017-08-21,5,22.09227741959016,lilac
HART,2017-04-15,4,41.555282777847225,gardenia
PHILLIPS,2017-03-07,1,8.942372266081932,daffodil
VASQUEZ,2017-08-16,5,11.37581650781511,gardenia
HALL,2017-04-03,1,,daffodil
RILEY,2017-04-06,5,21.097481396697482,orchid
LANE,2017-01-27,5,21.012959659135454,gerbera
ROBINSON,2017-04-29,5,19.134178241295583,lilac
ROBINSON,2017-07-14,5,40.193769010469175,lilac
ARNOLD,2017-06-15,2,9.895045766418,gerbera
COOPER,2017-03-30,3,41.61504572836657,lilac
BROOKS,2017-07-31,3,10.817615550821651,rose
ROBINSON,2017-06-27,5,8.562718251949988,lilac
DAVIS,2017-05-28,4,9.13571341402974,rose
PERKINS,2017-05-09,3,38.553346230039395,iris
JOHNSTON,2017-02-16,5,41.22992211723167,orchid
RICHARDS,2017-04-26,2,20.228034788499087,lilac
ROBINSON,2017-03-31,5,39.474857507600966,lilac
PETERS,2017-04-13,4,41.5918969180501,orchid
ORTIZ,2017-08-20,3,18.749949870306214,carnation
MEDINA,2017-04-13,3,20.67879573135678,daffodil
CARTER,2017-01-17,3,20.971018470505108,jasmine
ROBINSON,2017-05-22,3,19.842899871134943,lilac
FOX,2017-05-06,3,39.81967443544397,gerbera
CALDWELL,2017-08-26,4,41.4026108379247,carnation
CAMPBELL,2017-07-31,4,40.62565236668826,sunflower
OLIVER,2017-04-22,1,40.0522956897804,jasmine
MARTINEZ,2017-01-20,3,10.330867731776909,gardenia
JACOBS,2017-04-29,2,9.011652327345223,carnation
CHAVEZ,2017-07-23,1,11.936970125033513,lilac
MURPHY,2017-02-07,4,19.85892445990084,iris
CALDWELL,2017-05-11,5,18.999832251596544,carnation
ADAMS,2017-04-06,1,38.168774468021326,orchid
WILLIS,2017-06-24,1,40.03416164948844,tulip
ROBINSON,2017-07-06,5,9.929692332057037,lilac
LYNCH,2017-03-04,1,40.852569188121706,daisy
JENKINS,2017-07-26,5,40.669935459264885,carnation
HORTON,2017-08-15,4,20.877567157826288,tulip
MORALES,2017-05-22,3,22.507868907356013,jasmine
CARTER,2017-05-16,2,39.7166143379069,jasmine
CARTER,2017-03-07,4,17.7863823199136,jasmine
BROOKS,2017-08-26,4,20.342004748176826,rose
SIMMONS,2017-07-12,2,20.341131682281684,rose
HILL,2017-06-19,3,19.86838244847048,daffodil
BOYD,2017-05-24,5,20.5289554441759,lilac
CALDWELL,2017-07-09,5,11.791313105652318,carnation
ROBINSON,2017-02-09,3,9.77133181995649,lilac
RODRIQUEZ,2017-04-10,4,20.465214183316686,carnation
CARROLL,2017-03-11,3,40.31725486125164,tulip
GEORGE,2017-06-30,4,40.127908231695955,carnation
THOMAS,2017-02-21,4,20.385228443931926,rose
BENNETT,2017-08-17,3,38.56897300339772,rose
DANIELS,2017-01-11,3,39.42281586055788,rose
WATKINS,2017-07-30,4,19.40474959143251,sunflower
TURNER,2017-06-07,1,20.352756665171924,iris
BROWN,2017-02-20,5,19.221151509061723,daffodil
ORTIZ,2017-05-08,3,20.109926026891774,carnation
ROBINSON,2017-02-02,5,19.27580395566407,lilac
FIELDS,2017-07-16,4,39.09636408689191,lilac
MILLS,2017-08-08,4,40.32115637537617,rose
KENNEDY,2017-04-20,1,40.95199412204987,gerbera
GEORGE,2017-04-04,5,21.406683121424926,carnation
ROBINSON,2017-05-30,5,11.284013640099989,lilac
ROBINSON,2017-03-24,5,20.944070687644817,lilac
ROBINSON,2017-04-14,5,9.119829336500043,lilac
MILES,2017-08-07,3,39.84497861517624,daisy
KELLEY,2017-02-05,2,21.50709415123278,daffodil
ROBINSON,2017-07-22,2,9.831012341201575,lilac
DANIELS,2017-01-10,1,40.90647228109635,rose
ORTIZ,2017-04-05,4,39.5221706429656,carnation
CASTRO,2017-04-25,2,22.055510462944014,gardenia
ROBINSON,2017-05-09,4,20.645287348245052,lilac
TURNER,2017-07-03,3,9.21312254010362,iris
ROBINSON,2017-08-03,5,37.59419258933505,lilac
ROBINSON,2017-07-06,5,9.1587877293842,lilac
STEWART,2017-06-25,4,8.415699072798404,tulip
WOODS,2017-04-28,3,9.959633292744044,sunflower
RAMOS,2017-04-21,5,20.476500313332263,orchid
ROBINSON,2017-06-19,4,21.127727668490373,lilac
GILBERT,2017-02-03,4,19.800540715824006,tulip
MITCHELL,2017-03-14,3,38.02301399048221,lilac
ROBINSON,2017-04-05,5,18.907793087453133,lilac
HILL,2017-02-22,5,19.541489046423813,daffodil
ROBINSON,2017-07-25,2,19.17132486633215,lilac
JACOBS,2017-05-12,1,17.517154304501137,carnation
BREWER,2017-01-20,3,10.347448760387376,carnation
GUTIERREZ,2017-07-31,4,18.216374594331594,gerbera
FORD,2017-08-13,5,9.07938728714807,carnation
DEAN,2017-08-09,2,10.411476799105056,daffodil
BELL,2017-07-29,5,20.179408461654276,gardenia
GORDON,2017-05-07,5,10.932012733652728,rose
FIELDS,2017-08-07,2,19.68092943188313,lilac
MORRIS,2017-02-08,3,19.60634579996645,rose
FREEMAN,2017-06-30,3,17.666528893591625,gerbera
DAVIDSON,2017-04-07,5,10.869174747254876,sunflower
GARZA,2017-05-30,4,42.438492408132404,daffodil
ROBINSON,2017-02-17,5,20.152153711922374,lilac
BURKE,2017-01-04,4,22.570804240011665,daffodil
BENNETT,2017-07-03,4,9.907309751191994,rose
GIBSON,2017-04-17,3,9.855447962064236,sunflower
TORRES,2017-03-05,1,19.940211368693845,daffodil
HARVEY,2017-07-23,1,20.55138633168356,tulip
ROBINSON,2017-06-23,5,20.343207104080662,lilac
RICHARDSON,2017-05-22,4,19.02319724993309,jasmine
BRYANT,2017-06-10,3,39.81985502023756,tulip
LYNCH,2017-06-03,1,38.49217641979568,daisy
HOFFMAN,2017-06-06,2,21.260222939525892,sunflower
RODRIGUEZ,2017-01-31,2,41.07633298982015,lilac
HAWKINS,2017-03-06,5,20.055466276117343,lilac
CARROLL,2017-06-20,5,18.90656347480565,tulip
FORD,2017-03-09,5,19.592450143219903,carnation
DANIELS,2017-08-14,4,20.229156443408364,rose
ROBINSON,2017-07-20,4,38.23341596221634,lilac
PEARSON,2017-07-27,5,19.962239061155987,jasmine
ROBINSON,2017-06-01,5,38.20817221326852,lilac
ROBINSON,2017-06-15,5,12.384366497299002,lilac
DANIELS,2017-03-22,4,39.874461191780206,rose
THOMPSON,2017-02-04,5,19.605791321201437,tulip
ROBINSON,2017-08-17,5,19.90042549141404,lilac
CARTER,2017-03-16,4,18.93432889685458,jasmine
SIMS,2017-02-04,5,11.122303559950224,orchid
KING,2017-01-13,3,19.09450578081034,rose
DANIELS,2017-04-01,3,19.284265730230025,rose
ROBINSON,2017-03-25,1,19.10241774077707,lilac
HARRISON,2017-05-03,4,40.39318714689315,orchid
ROBINSON,2017-07-11,5,18.84057774583166,lilac
SULLIVAN,2017-05-07,2,18.953857571629538,daffodil
DANIELS,2017-03-20,3,10.656884403162085,rose
PORTER,2017-02-20,3,20.50950152749321,orchid
ROBINSON,2017-04-27,5,11.881438751573793,lilac
FOWLER,2017-07-08,4,40.90064971255902,daisy
ROBINSON,2017-02-18,5,19.1928828082624,lilac
MARSHALL,2017-08-01,4,20.044315213513052,carnation
ROBINSON,2017-03-21,5,37.77607159120435,lilac
WEST,2017-06-29,4,20.67512551800879,carnation
ROBINSON,2017-03-13,5,12.585851703727853,lilac
DANIELS,2017-04-23,2,21.186217289023958,rose
COOPER,2017-02-23,3,40.43253307647994,lilac
WATSON,2017-05-12,2,39.1251704933008,iris
GRAVES,2017-03-06,3,9.662409127048589,gerbera
MEDINA,2017-05-27,3,40.695351531883404,daffodil
ROBINSON,2017-03-14,3,11.077891864027347,lilac
LYNCH,2017-05-19,2,40.33327101435414,daisy
RICHARDS,2017-06-23,3,19.76766149226172,lilac
SULLIVAN,2017-09-01,4,19.389959477687434,daffodil
HARPER,2017-01-28,2,12.062236993098367,tulip
ROBINSON,2017-04-18,5,19.621981304469582,lilac
MORALES,2017-08-21,3,21.975606017121812,jasmine
CALDWELL,2017-05-09,4,20.246235399422353,carnation
ANDREWS,2017-08-03,1,38.76989168162747,orchid
LAWRENCE,2017-06-30,4,19.336133237443434,daffodil
OLIVER,2017-03-17,3,18.619660011331593,jasmine
ROBINSON,2017-05-11,5,19.626536463788877,lilac
THOMPSON,2017-02-14,2,20.389431842238853,tulip
HORTON,2017-04-06,3,20.014328310414015,tulip
BURKE,2017-06-27,3,40.59433625805717,daffodil
DIXON,2017-08-04,5,19.80677700746664,gerbera
DUNN,2017-08-27,5,,daffodil
HUDSON,2017-03-15,3,18.730219683853033,gardenia
ROBINSON,2017-02-17,5,9.951787085469396,lilac
BURKE,2017-05-14,5,40.04820617697673,daffodil
DIXON,2017-04-11,2,,gerbera
HUNTER,2017-04-04,3,18.906390494610573,rose
ARNOLD,2017-02-02,3,19.194089637926368,gerbera
FULLER,2017-07-20,4,19.936230790758938,lilac
JOHNSTON,2017-04-28,5,21.069939015345554,orchid
CHAMBERS,2017-04-04,2,19.785218862908245,gerbera
DUNCAN,2017-06-13,5,41.07167417487449,daffodil
CAMPBELL,2017-05-12,5,8.895944327034055,sunflower
FORD,2017-05-12,5,9.843700496225788,carnation
ROBINSON,2017-02-18,5,10.505496169015274,lilac
ROBINSON,2017-04-17,3,37.985508694726406,lilac
HENRY,2017-07-23,5,19.396951814169483,iris
ROBINSON,2017-07-04,2,21.520116734470477,lilac
ROBINSON,2017-05-28,2,19.50913945322764,lilac
FOSTER,2017-01-07,1,41.36944567808551,daffodil
ROBINSON,2017-09-03,5,9.978087811908965,lilac
JAMES,2017-03-29,4,10.123750909091447,daisy
JOHNSTON,2017-05-13,4,10.306364207445409,orchid
CRUZ,2017-05-28,2,11.596361222221109,lilac
RAMOS,2017-08-11,3,20.227197700305588,orchid
RAMOS,2017-03-04,1,19.437730644632413,orchid
ROBINSON,2017-01-03,2,40.52624246246198,lilac
